{"pitch_frame": [-1.1719781042239943, 6.93925132256207, 127.46746361516874, 108.76266643186922], "pitch_phone": [-2.8988815952421634, 11.366703698130385, 207.1861098720894, 46.915758953500465], "energy_frame": [-1.1408859491348267, 9.104419708251953, 36.269586287785636, 31.769825863558054], "energy_phone": [-1.4066072702407837, 8.15213394165039, 36.90684348483438, 26.19850781224376], "max_seq_len": 870}